"filename", "language", "JSON", "C++", "YAML", "Dart", "Markdown", "Groovy", "Properties", "XML", "Swift", "HTML", "comment", "blank", "total"
"/Users/henry.liang/projects_git/20230307/ricoms_app/.fvm/fvm_config.json", "JSON", -4, 0, 0, 0, 0, 0, 0, 0, 0, 0, 0, 0, -4
"/Users/henry.liang/projects_git/20230307/ricoms_app/README.md", "Markdown", 0, 0, 0, 0, -10, 0, 0, 0, 0, 0, 0, -7, -17
"/Users/henry.liang/projects_git/20230307/ricoms_app/analysis_options.yaml", "YAML", 0, 0, -3, 0, 0, 0, 0, 0, 0, 0, -23, -4, -30
"/Users/henry.liang/projects_git/20230307/ricoms_app/android/app/build.gradle", "Groovy", 0, 0, 0, 0, 0, -69, 0, 0, 0, 0, -1, -15, -85
"/Users/henry.liang/projects_git/20230307/ricoms_app/android/app/google-services.json", "JSON", -39, 0, 0, 0, 0, 0, 0, 0, 0, 0, 0, 0, -39
"/Users/henry.liang/projects_git/20230307/ricoms_app/android/app/src/debug/AndroidManifest.xml", "XML", 0, 0, 0, 0, 0, 0, 0, -14, 0, 0, -6, -2, -22
"/Users/henry.liang/projects_git/20230307/ricoms_app/android/app/src/main/AndroidManifest.xml", "XML", 0, 0, 0, 0, 0, 0, 0, -40, 0, 0, -9, -5, -54
"/Users/henry.liang/projects_git/20230307/ricoms_app/android/app/src/main/res/drawable-v21/launch_background.xml", "XML", 0, 0, 0, 0, 0, 0, 0, -4, 0, 0, -7, -2, -13
"/Users/henry.liang/projects_git/20230307/ricoms_app/android/app/src/main/res/drawable/launch_background.xml", "XML", 0, 0, 0, 0, 0, 0, 0, -4, 0, 0, -7, -2, -13
"/Users/henry.liang/projects_git/20230307/ricoms_app/android/app/src/main/res/values-night/styles.xml", "XML", 0, 0, 0, 0, 0, 0, 0, -9, 0, 0, -9, -1, -19
"/Users/henry.liang/projects_git/20230307/ricoms_app/android/app/src/main/res/values/styles.xml", "XML", 0, 0, 0, 0, 0, 0, 0, -9, 0, 0, -9, -1, -19
"/Users/henry.liang/projects_git/20230307/ricoms_app/android/app/src/profile/AndroidManifest.xml", "XML", 0, 0, 0, 0, 0, 0, 0, -4, 0, 0, -3, -1, -8
"/Users/henry.liang/projects_git/20230307/ricoms_app/android/build.gradle", "Groovy", 0, 0, 0, 0, 0, -28, 0, 0, 0, 0, 0, -5, -33
"/Users/henry.liang/projects_git/20230307/ricoms_app/android/gradle.properties", "Properties", 0, 0, 0, 0, 0, 0, -3, 0, 0, 0, 0, -1, -4
"/Users/henry.liang/projects_git/20230307/ricoms_app/android/gradle/wrapper/gradle-wrapper.properties", "Properties", 0, 0, 0, 0, 0, 0, -5, 0, 0, 0, -1, -1, -7
"/Users/henry.liang/projects_git/20230307/ricoms_app/android/settings.gradle", "Groovy", 0, 0, 0, 0, 0, -8, 0, 0, 0, 0, 0, -4, -12
"/Users/henry.liang/projects_git/20230307/ricoms_app/ios/Runner/AppDelegate.swift", "Swift", 0, 0, 0, 0, 0, 0, 0, 0, -12, 0, 0, -2, -14
"/Users/henry.liang/projects_git/20230307/ricoms_app/ios/Runner/Assets.xcassets/AppIcon.appiconset/Contents.json", "JSON", -1, 0, 0, 0, 0, 0, 0, 0, 0, 0, 0, 0, -1
"/Users/henry.liang/projects_git/20230307/ricoms_app/ios/Runner/Assets.xcassets/LaunchImage.imageset/Contents.json", "JSON", -23, 0, 0, 0, 0, 0, 0, 0, 0, 0, 0, -1, -24
"/Users/henry.liang/projects_git/20230307/ricoms_app/ios/Runner/Assets.xcassets/LaunchImage.imageset/README.md", "Markdown", 0, 0, 0, 0, -3, 0, 0, 0, 0, 0, 0, -2, -5
"/Users/henry.liang/projects_git/20230307/ricoms_app/ios/Runner/Base.lproj/LaunchScreen.storyboard", "XML", 0, 0, 0, 0, 0, 0, 0, -36, 0, 0, -1, -1, -38
"/Users/henry.liang/projects_git/20230307/ricoms_app/ios/Runner/Base.lproj/Main.storyboard", "XML", 0, 0, 0, 0, 0, 0, 0, -25, 0, 0, -1, -1, -27
"/Users/henry.liang/projects_git/20230307/ricoms_app/ios/Runner/Runner-Bridging-Header.h", "C++", 0, -1, 0, 0, 0, 0, 0, 0, 0, 0, 0, -1, -2
"/Users/henry.liang/projects_git/20230307/ricoms_app/l10n.yaml", "YAML", 0, 0, -3, 0, 0, 0, 0, 0, 0, 0, 0, 0, -3
"/Users/henry.liang/projects_git/20230307/ricoms_app/lib/about/about_page.dart", "Dart", 0, 0, 0, -404, 0, 0, 0, 0, 0, 0, -12, -20, -436
"/Users/henry.liang/projects_git/20230307/ricoms_app/lib/account/bloc/account/account_bloc.dart", "Dart", 0, 0, 0, -117, 0, 0, 0, 0, 0, 0, 0, -15, -132
"/Users/henry.liang/projects_git/20230307/ricoms_app/lib/account/bloc/account/account_event.dart", "Dart", 0, 0, 0, -26, 0, 0, 0, 0, 0, 0, 0, -12, -38
"/Users/henry.liang/projects_git/20230307/ricoms_app/lib/account/bloc/account/account_state.dart", "Dart", 0, 0, 0, -58, 0, 0, 0, 0, 0, 0, 0, -5, -63
"/Users/henry.liang/projects_git/20230307/ricoms_app/lib/account/bloc/edit_account/edit_account_bloc.dart", "Dart", 0, 0, 0, -350, 0, 0, 0, 0, 0, 0, 0, -26, -376
"/Users/henry.liang/projects_git/20230307/ricoms_app/lib/account/bloc/edit_account/edit_account_event.dart", "Dart", 0, 0, 0, -75, 0, 0, 0, 0, 0, 0, -1, -36, -112
"/Users/henry.liang/projects_git/20230307/ricoms_app/lib/account/bloc/edit_account/edit_account_state.dart", "Dart", 0, 0, 0, -88, 0, 0, 0, 0, 0, 0, -1, -5, -94
"/Users/henry.liang/projects_git/20230307/ricoms_app/lib/account/model/account.dart", "Dart", 0, 0, 0, -18, 0, 0, 0, 0, 0, 0, 0, -4, -22
"/Users/henry.liang/projects_git/20230307/ricoms_app/lib/account/model/account_password.dart", "Dart", 0, 0, 0, -19, 0, 0, 0, 0, 0, 0, 0, -4, -23
"/Users/henry.liang/projects_git/20230307/ricoms_app/lib/account/model/email.dart", "Dart", 0, 0, 0, -20, 0, 0, 0, 0, 0, 0, 0, -4, -24
"/Users/henry.liang/projects_git/20230307/ricoms_app/lib/account/model/ext.dart", "Dart", 0, 0, 0, -19, 0, 0, 0, 0, 0, 0, 0, -4, -23
"/Users/henry.liang/projects_git/20230307/ricoms_app/lib/account/model/mobile.dart", "Dart", 0, 0, 0, -19, 0, 0, 0, 0, 0, 0, 0, -4, -23
"/Users/henry.liang/projects_git/20230307/ricoms_app/lib/account/model/tel.dart", "Dart", 0, 0, 0, -19, 0, 0, 0, 0, 0, 0, 0, -4, -23
"/Users/henry.liang/projects_git/20230307/ricoms_app/lib/account/view/account_edit_form.dart", "Dart", 0, 0, 0, -771, 0, 0, 0, 0, 0, 0, 0, -40, -811
"/Users/henry.liang/projects_git/20230307/ricoms_app/lib/account/view/account_edit_page.dart", "Dart", 0, 0, 0, -41, 0, 0, 0, 0, 0, 0, 0, -5, -46
"/Users/henry.liang/projects_git/20230307/ricoms_app/lib/account/view/account_form.dart", "Dart", 0, 0, 0, -668, 0, 0, 0, 0, 0, 0, -6, -26, -700
"/Users/henry.liang/projects_git/20230307/ricoms_app/lib/account/view/account_page.dart", "Dart", 0, 0, 0, -25, 0, 0, 0, 0, 0, 0, 0, -4, -29
"/Users/henry.liang/projects_git/20230307/ricoms_app/lib/advanced/bloc/batch_setting/config_device/config_device_bloc.dart", "Dart", 0, 0, 0, -209, 0, 0, 0, 0, 0, 0, -15, -25, -249
"/Users/henry.liang/projects_git/20230307/ricoms_app/lib/advanced/bloc/batch_setting/config_device/config_device_event.dart", "Dart", 0, 0, 0, -36, 0, 0, 0, 0, 0, 0, 0, -12, -48
"/Users/henry.liang/projects_git/20230307/ricoms_app/lib/advanced/bloc/batch_setting/config_device/config_device_state.dart", "Dart", 0, 0, 0, -57, 0, 0, 0, 0, 0, 0, 0, -5, -62
"/Users/henry.liang/projects_git/20230307/ricoms_app/lib/advanced/bloc/batch_setting/device_setting_result/device_setting_result_bloc.dart", "Dart", 0, 0, 0, -326, 0, 0, 0, 0, 0, 0, -33, -53, -412
"/Users/henry.liang/projects_git/20230307/ricoms_app/lib/advanced/bloc/batch_setting/device_setting_result/device_setting_result_event.dart", "Dart", 0, 0, 0, -64, 0, 0, 0, 0, 0, 0, 0, -25, -89
"/Users/henry.liang/projects_git/20230307/ricoms_app/lib/advanced/bloc/batch_setting/device_setting_result/device_setting_result_state.dart", "Dart", 0, 0, 0, -42, 0, 0, 0, 0, 0, 0, 0, -6, -48
"/Users/henry.liang/projects_git/20230307/ricoms_app/lib/advanced/bloc/batch_setting/select_device/select_device_bloc.dart", "Dart", 0, 0, 0, -137, 0, 0, 0, 0, 0, 0, -6, -25, -168
"/Users/henry.liang/projects_git/20230307/ricoms_app/lib/advanced/bloc/batch_setting/select_device/select_device_event.dart", "Dart", 0, 0, 0, -48, 0, 0, 0, 0, 0, 0, 0, -18, -66
"/Users/henry.liang/projects_git/20230307/ricoms_app/lib/advanced/bloc/batch_setting/select_device/select_device_state.dart", "Dart", 0, 0, 0, -38, 0, 0, 0, 0, 0, 0, 0, -5, -43
"/Users/henry.liang/projects_git/20230307/ricoms_app/lib/advanced/bloc/batch_setting/select_module/select_module_bloc.dart", "Dart", 0, 0, 0, -78, 0, 0, 0, 0, 0, 0, -3, -12, -93
"/Users/henry.liang/projects_git/20230307/ricoms_app/lib/advanced/bloc/batch_setting/select_module/select_module_event.dart", "Dart", 0, 0, 0, -20, 0, 0, 0, 0, 0, 0, 0, -9, -29
"/Users/henry.liang/projects_git/20230307/ricoms_app/lib/advanced/bloc/batch_setting/select_module/select_module_state.dart", "Dart", 0, 0, 0, -33, 0, 0, 0, 0, 0, 0, 0, -5, -38
"/Users/henry.liang/projects_git/20230307/ricoms_app/lib/advanced/bloc/default_setting/default_setting_bloc.dart", "Dart", 0, 0, 0, -345, 0, 0, 0, 0, 0, 0, -27, -43, -415
"/Users/henry.liang/projects_git/20230307/ricoms_app/lib/advanced/bloc/default_setting/default_setting_event.dart", "Dart", 0, 0, 0, -35, 0, 0, 0, 0, 0, 0, 0, -15, -50
"/Users/henry.liang/projects_git/20230307/ricoms_app/lib/advanced/bloc/default_setting/default_setting_state.dart", "Dart", 0, 0, 0, -43, 0, 0, 0, 0, 0, 0, -64, -5, -112
"/Users/henry.liang/projects_git/20230307/ricoms_app/lib/advanced/bloc/device_working_cycle/device_working_cycle_bloc.dart", "Dart", 0, 0, 0, -98, 0, 0, 0, 0, 0, 0, -5, -15, -118
"/Users/henry.liang/projects_git/20230307/ricoms_app/lib/advanced/bloc/device_working_cycle/device_working_cycle_event.dart", "Dart", 0, 0, 0, -30, 0, 0, 0, 0, 0, 0, 0, -13, -43
"/Users/henry.liang/projects_git/20230307/ricoms_app/lib/advanced/bloc/device_working_cycle/device_working_cycle_state.dart", "Dart", 0, 0, 0, -50, 0, 0, 0, 0, 0, 0, 0, -5, -55
"/Users/henry.liang/projects_git/20230307/ricoms_app/lib/advanced/bloc/edit_trap_forward/edit_trap_forward_bloc.dart", "Dart", 0, 0, 0, -201, 0, 0, 0, 0, 0, 0, -7, -22, -230
"/Users/henry.liang/projects_git/20230307/ricoms_app/lib/advanced/bloc/edit_trap_forward/edit_trap_forward_event.dart", "Dart", 0, 0, 0, -51, 0, 0, 0, 0, 0, 0, 0, -21, -72
"/Users/henry.liang/projects_git/20230307/ricoms_app/lib/advanced/bloc/edit_trap_forward/edit_trap_forward_state.dart", "Dart", 0, 0, 0, -58, 0, 0, 0, 0, 0, 0, 0, -5, -63
"/Users/henry.liang/projects_git/20230307/ricoms_app/lib/advanced/bloc/log_record_setting/log_record_setting_bloc.dart", "Dart", 0, 0, 0, -223, 0, 0, 0, 0, 0, 0, -14, -34, -271
"/Users/henry.liang/projects_git/20230307/ricoms_app/lib/advanced/bloc/log_record_setting/log_record_setting_event.dart", "Dart", 0, 0, 0, -88, 0, 0, 0, 0, 0, 0, 0, -40, -128
"/Users/henry.liang/projects_git/20230307/ricoms_app/lib/advanced/bloc/log_record_setting/log_record_setting_state.dart", "Dart", 0, 0, 0, -54, 0, 0, 0, 0, 0, 0, -49, -5, -108
"/Users/henry.liang/projects_git/20230307/ricoms_app/lib/advanced/bloc/server_ip_setting/server_ip_setting_bloc.dart", "Dart", 0, 0, 0, -149, 0, 0, 0, 0, 0, 0, -10, -22, -181
"/Users/henry.liang/projects_git/20230307/ricoms_app/lib/advanced/bloc/server_ip_setting/server_ip_setting_event.dart", "Dart", 0, 0, 0, -48, 0, 0, 0, 0, 0, 0, 0, -22, -70
"/Users/henry.liang/projects_git/20230307/ricoms_app/lib/advanced/bloc/server_ip_setting/server_ip_setting_state.dart", "Dart", 0, 0, 0, -54, 0, 0, 0, 0, 0, 0, 0, -5, -59
"/Users/henry.liang/projects_git/20230307/ricoms_app/lib/advanced/bloc/trap_alarm_color/trap_alarm_color_bloc.dart", "Dart", 0, 0, 0, -196, 0, 0, 0, 0, 0, 0, -12, -19, -227
"/Users/henry.liang/projects_git/20230307/ricoms_app/lib/advanced/bloc/trap_alarm_color/trap_alarm_color_event.dart", "Dart", 0, 0, 0, -72, 0, 0, 0, 0, 0, 0, 0, -34, -106
"/Users/henry.liang/projects_git/20230307/ricoms_app/lib/advanced/bloc/trap_alarm_color/trap_alarm_color_state.dart", "Dart", 0, 0, 0, -72, 0, 0, 0, 0, 0, 0, 0, -5, -77
"/Users/henry.liang/projects_git/20230307/ricoms_app/lib/advanced/bloc/trap_alarm_sound/trap_alarm_sound_bloc.dart", "Dart", 0, 0, 0, -135, 0, 0, 0, 0, 0, 0, -8, -15, -158
"/Users/henry.liang/projects_git/20230307/ricoms_app/lib/advanced/bloc/trap_alarm_sound/trap_alarm_sound_event.dart", "Dart", 0, 0, 0, -49, 0, 0, 0, 0, 0, 0, 0, -23, -72
"/Users/henry.liang/projects_git/20230307/ricoms_app/lib/advanced/bloc/trap_alarm_sound/trap_alarm_sound_state.dart", "Dart", 0, 0, 0, -57, 0, 0, 0, 0, 0, 0, 0, -5, -62
"/Users/henry.liang/projects_git/20230307/ricoms_app/lib/advanced/bloc/trap_forward/trap_forward_bloc.dart", "Dart", 0, 0, 0, -172, 0, 0, 0, 0, 0, 0, -6, -22, -200
"/Users/henry.liang/projects_git/20230307/ricoms_app/lib/advanced/bloc/trap_forward/trap_forward_event.dart", "Dart", 0, 0, 0, -36, 0, 0, 0, 0, 0, 0, 0, -16, -52
"/Users/henry.liang/projects_git/20230307/ricoms_app/lib/advanced/bloc/trap_forward/trap_forward_state.dart", "Dart", 0, 0, 0, -49, 0, 0, 0, 0, 0, 0, 0, -5, -54
"/Users/henry.liang/projects_git/20230307/ricoms_app/lib/advanced/view/advanced_view/advanced_form.dart", "Dart", 0, 0, 0, -287, 0, 0, 0, 0, 0, 0, -1, -34, -322
"/Users/henry.liang/projects_git/20230307/ricoms_app/lib/advanced/view/advanced_view/advanced_page.dart", "Dart", 0, 0, 0, -15, 0, 0, 0, 0, 0, 0, 0, -4, -19
"/Users/henry.liang/projects_git/20230307/ricoms_app/lib/advanced/view/batch_setting_view/config_device_form.dart", "Dart", 0, 0, 0, -711, 0, 0, 0, 0, 0, 0, -2, -42, -755
"/Users/henry.liang/projects_git/20230307/ricoms_app/lib/advanced/view/batch_setting_view/config_device_page.dart", "Dart", 0, 0, 0, -52, 0, 0, 0, 0, 0, 0, 0, -7, -59
"/Users/henry.liang/projects_git/20230307/ricoms_app/lib/advanced/view/batch_setting_view/device_setting_result_detail_page.dart", "Dart", 0, 0, 0, -264, 0, 0, 0, 0, 0, 0, -2, -18, -284
"/Users/henry.liang/projects_git/20230307/ricoms_app/lib/advanced/view/batch_setting_view/device_setting_result_form.dart", "Dart", 0, 0, 0, -414, 0, 0, 0, 0, 0, 0, -88, -27, -529
"/Users/henry.liang/projects_git/20230307/ricoms_app/lib/advanced/view/batch_setting_view/device_setting_result_page.dart", "Dart", 0, 0, 0, -52, 0, 0, 0, 0, 0, 0, 0, -7, -59
"/Users/henry.liang/projects_git/20230307/ricoms_app/lib/advanced/view/batch_setting_view/select_device_form.dart", "Dart", 0, 0, 0, -379, 0, 0, 0, 0, 0, 0, -8, -17, -404
"/Users/henry.liang/projects_git/20230307/ricoms_app/lib/advanced/view/batch_setting_view/select_device_page.dart", "Dart", 0, 0, 0, -47, 0, 0, 0, 0, 0, 0, 0, -7, -54
"/Users/henry.liang/projects_git/20230307/ricoms_app/lib/advanced/view/batch_setting_view/select_module_form.dart", "Dart", 0, 0, 0, -235, 0, 0, 0, 0, 0, 0, -2, -11, -248
"/Users/henry.liang/projects_git/20230307/ricoms_app/lib/advanced/view/batch_setting_view/select_module_page.dart", "Dart", 0, 0, 0, -37, 0, 0, 0, 0, 0, 0, 0, -6, -43
"/Users/henry.liang/projects_git/20230307/ricoms_app/lib/advanced/view/clear_log_record_setting_view/clear_log_record_setting_form.dart", "Dart", 0, 0, 0, -792, 0, 0, 0, 0, 0, 0, -57, -41, -890
"/Users/henry.liang/projects_git/20230307/ricoms_app/lib/advanced/view/clear_log_record_setting_view/clear_log_record_setting_page.dart", "Dart", 0, 0, 0, -37, 0, 0, 0, 0, 0, 0, 0, -7, -44
"/Users/henry.liang/projects_git/20230307/ricoms_app/lib/advanced/view/default_setting_view/default_setting_form.dart", "Dart", 0, 0, 0, -575, 0, 0, 0, 0, 0, 0, -1, -17, -593
"/Users/henry.liang/projects_git/20230307/ricoms_app/lib/advanced/view/default_setting_view/default_setting_page.dart", "Dart", 0, 0, 0, -43, 0, 0, 0, 0, 0, 0, 0, -7, -50
"/Users/henry.liang/projects_git/20230307/ricoms_app/lib/advanced/view/device_working_cycle_view/device_working_cycle_form.dart", "Dart", 0, 0, 0, -317, 0, 0, 0, 0, 0, 0, -2, -17, -336
"/Users/henry.liang/projects_git/20230307/ricoms_app/lib/advanced/view/device_working_cycle_view/device_working_cycle_page.dart", "Dart", 0, 0, 0, -37, 0, 0, 0, 0, 0, 0, 0, -6, -43
"/Users/henry.liang/projects_git/20230307/ricoms_app/lib/advanced/view/server_ip_setting_view/server_ip_setting_form.dart", "Dart", 0, 0, 0, -451, 0, 0, 0, 0, 0, 0, -1, -22, -474
"/Users/henry.liang/projects_git/20230307/ricoms_app/lib/advanced/view/server_ip_setting_view/server_ip_setting_page.dart", "Dart", 0, 0, 0, -37, 0, 0, 0, 0, 0, 0, 0, -6, -43
"/Users/henry.liang/projects_git/20230307/ricoms_app/lib/advanced/view/trap_alarm_color_view/trap_alarm_color_form.dart", "Dart", 0, 0, 0, -578, 0, 0, 0, 0, 0, 0, -2, -36, -616
"/Users/henry.liang/projects_git/20230307/ricoms_app/lib/advanced/view/trap_alarm_color_view/trap_alarm_color_page.dart", "Dart", 0, 0, 0, -37, 0, 0, 0, 0, 0, 0, 0, -6, -43
"/Users/henry.liang/projects_git/20230307/ricoms_app/lib/advanced/view/trap_alarm_sound_view/trap_alarm_sound_form.dart", "Dart", 0, 0, 0, -294, 0, 0, 0, 0, 0, 0, -1, -23, -318
"/Users/henry.liang/projects_git/20230307/ricoms_app/lib/advanced/view/trap_alarm_sound_view/trap_alarm_sound_page.dart", "Dart", 0, 0, 0, -37, 0, 0, 0, 0, 0, 0, 0, -6, -43
"/Users/henry.liang/projects_git/20230307/ricoms_app/lib/advanced/view/trap_forward_view/trap_forward_edit_form.dart", "Dart", 0, 0, 0, -465, 0, 0, 0, 0, 0, 0, 0, -25, -490
"/Users/henry.liang/projects_git/20230307/ricoms_app/lib/advanced/view/trap_forward_view/trap_forward_edit_page.dart", "Dart", 0, 0, 0, -41, 0, 0, 0, 0, 0, 0, 0, -5, -46
"/Users/henry.liang/projects_git/20230307/ricoms_app/lib/advanced/view/trap_forward_view/trap_forward_form.dart", "Dart", 0, 0, 0, -594, 0, 0, 0, 0, 0, 0, -2, -21, -617
"/Users/henry.liang/projects_git/20230307/ricoms_app/lib/advanced/view/trap_forward_view/trap_forward_page.dart", "Dart", 0, 0, 0, -37, 0, 0, 0, 0, 0, 0, 0, -6, -43
"/Users/henry.liang/projects_git/20230307/ricoms_app/lib/app.dart", "Dart", 0, 0, 0, -200, 0, 0, 0, 0, 0, 0, -7, -15, -222
"/Users/henry.liang/projects_git/20230307/ricoms_app/lib/authentication/bloc/authentication_bloc.dart", "Dart", 0, 0, 0, -107, 0, 0, 0, 0, 0, 0, -13, -17, -137
"/Users/henry.liang/projects_git/20230307/ricoms_app/lib/authentication/bloc/authentication_event.dart", "Dart", 0, 0, 0, -18, 0, 0, 0, 0, 0, 0, 0, -9, -27
"/Users/henry.liang/projects_git/20230307/ricoms_app/lib/authentication/bloc/authentication_state.dart", "Dart", 0, 0, 0, -40, 0, 0, 0, 0, 0, 0, 0, -7, -47
"/Users/henry.liang/projects_git/20230307/ricoms_app/lib/bookmarks/bloc/bookmarks_bloc.dart", "Dart", 0, 0, 0, -257, 0, 0, 0, 0, 0, 0, -2, -34, -293
"/Users/henry.liang/projects_git/20230307/ricoms_app/lib/bookmarks/bloc/bookmarks_event.dart", "Dart", 0, 0, 0, -57, 0, 0, 0, 0, 0, 0, 0, -21, -78
"/Users/henry.liang/projects_git/20230307/ricoms_app/lib/bookmarks/bloc/bookmarks_state.dart", "Dart", 0, 0, 0, -68, 0, 0, 0, 0, 0, 0, 0, -5, -73
"/Users/henry.liang/projects_git/20230307/ricoms_app/lib/bookmarks/view/bookmarks_form.dart", "Dart", 0, 0, 0, -600, 0, 0, 0, 0, 0, 0, -4, -24, -628
"/Users/henry.liang/projects_git/20230307/ricoms_app/lib/bookmarks/view/bookmarks_page.dart", "Dart", 0, 0, 0, -29, 0, 0, 0, 0, 0, 0, 0, -4, -33
"/Users/henry.liang/projects_git/20230307/ricoms_app/lib/change_password/bloc/change_password_bloc.dart", "Dart", 0, 0, 0, -116, 0, 0, 0, 0, 0, 0, -2, -13, -131
"/Users/henry.liang/projects_git/20230307/ricoms_app/lib/change_password/bloc/change_password_event.dart", "Dart", 0, 0, 0, -36, 0, 0, 0, 0, 0, 0, -9, -19, -64
"/Users/henry.liang/projects_git/20230307/ricoms_app/lib/change_password/bloc/change_password_state.dart", "Dart", 0, 0, 0, -56, 0, 0, 0, 0, 0, 0, 0, -5, -61
"/Users/henry.liang/projects_git/20230307/ricoms_app/lib/change_password/view/change_password_form.dart", "Dart", 0, 0, 0, -319, 0, 0, 0, 0, 0, 0, -13, -13, -345
"/Users/henry.liang/projects_git/20230307/ricoms_app/lib/change_password/view/change_password_page.dart", "Dart", 0, 0, 0, -51, 0, 0, 0, 0, 0, 0, -2, -5, -58
"/Users/henry.liang/projects_git/20230307/ricoms_app/lib/custom_icons/custom_icons_icons.dart", "Dart", 0, 0, 0, -44, 0, 0, 0, 0, 0, 0, -15, -4, -63
"/Users/henry.liang/projects_git/20230307/ricoms_app/lib/dashboard/bloc/dashboard_bloc.dart", "Dart", 0, 0, 0, -228, 0, 0, 0, 0, 0, 0, -2, -31, -261
"/Users/henry.liang/projects_git/20230307/ricoms_app/lib/dashboard/bloc/dashboard_event.dart", "Dart", 0, 0, 0, -50, 0, 0, 0, 0, 0, 0, 0, -16, -66
"/Users/henry.liang/projects_git/20230307/ricoms_app/lib/dashboard/bloc/dashboard_state.dart", "Dart", 0, 0, 0, -89, 0, 0, 0, 0, 0, 0, 0, -5, -94
"/Users/henry.liang/projects_git/20230307/ricoms_app/lib/dashboard/view/dashboard_form.dart", "Dart", 0, 0, 0, -700, 0, 0, 0, 0, 0, 0, -5, -47, -752
"/Users/henry.liang/projects_git/20230307/ricoms_app/lib/dashboard/view/dashboard_page.dart", "Dart", 0, 0, 0, -26, 0, 0, 0, 0, 0, 0, 0, -4, -30
"/Users/henry.liang/projects_git/20230307/ricoms_app/lib/history/bloc/history/history_bloc.dart", "Dart", 0, 0, 0, -261, 0, 0, 0, 0, 0, 0, -8, -35, -304
"/Users/henry.liang/projects_git/20230307/ricoms_app/lib/history/bloc/history/history_event.dart", "Dart", 0, 0, 0, -51, 0, 0, 0, 0, 0, 0, 0, -18, -69
"/Users/henry.liang/projects_git/20230307/ricoms_app/lib/history/bloc/history/history_state.dart", "Dart", 0, 0, 0, -77, 0, 0, 0, 0, 0, 0, 0, -5, -82
"/Users/henry.liang/projects_git/20230307/ricoms_app/lib/history/bloc/search/search_bloc.dart", "Dart", 0, 0, 0, -240, 0, 0, 0, 0, 0, 0, -7, -34, -281
"/Users/henry.liang/projects_git/20230307/ricoms_app/lib/history/bloc/search/search_event.dart", "Dart", 0, 0, 0, -68, 0, 0, 0, 0, 0, 0, 0, -33, -101
"/Users/henry.liang/projects_git/20230307/ricoms_app/lib/history/bloc/search/search_state.dart", "Dart", 0, 0, 0, -48, 0, 0, 0, 0, 0, 0, 0, -5, -53
"/Users/henry.liang/projects_git/20230307/ricoms_app/lib/history/model/search_critria.dart", "Dart", 0, 0, 0, -24, 0, 0, 0, 0, 0, 0, 0, -3, -27
"/Users/henry.liang/projects_git/20230307/ricoms_app/lib/history/view/device_history_detail_page.dart", "Dart", 0, 0, 0, -175, 0, 0, 0, 0, 0, 0, -2, -11, -188
"/Users/henry.liang/projects_git/20230307/ricoms_app/lib/history/view/history_form.dart", "Dart", 0, 0, 0, -582, 0, 0, 0, 0, 0, 0, -7, -24, -613
"/Users/henry.liang/projects_git/20230307/ricoms_app/lib/history/view/history_page.dart", "Dart", 0, 0, 0, -28, 0, 0, 0, 0, 0, 0, 0, -2, -30
"/Users/henry.liang/projects_git/20230307/ricoms_app/lib/history/view/search_form.dart", "Dart", 0, 0, 0, -561, 0, 0, 0, 0, 0, 0, -11, -30, -602
"/Users/henry.liang/projects_git/20230307/ricoms_app/lib/history/view/search_page.dart", "Dart", 0, 0, 0, -25, 0, 0, 0, 0, 0, 0, 0, -5, -30
"/Users/henry.liang/projects_git/20230307/ricoms_app/lib/home/view/home_bottom_navigation_bar.dart", "Dart", 0, 0, 0, -57, 0, 0, 0, 0, 0, 0, -2, -5, -64
"/Users/henry.liang/projects_git/20230307/ricoms_app/lib/home/view/home_drawer.dart", "Dart", 0, 0, 0, -315, 0, 0, 0, 0, 0, 0, -5, -17, -337
"/Users/henry.liang/projects_git/20230307/ricoms_app/lib/home/view/home_page.dart", "Dart", 0, 0, 0, -65, 0, 0, 0, 0, 0, 0, 0, -6, -71
"/Users/henry.liang/projects_git/20230307/ricoms_app/lib/login/bloc/login_bloc.dart", "Dart", 0, 0, 0, -83, 0, 0, 0, 0, 0, 0, 0, -9, -92
"/Users/henry.liang/projects_git/20230307/ricoms_app/lib/login/bloc/login_event.dart", "Dart", 0, 0, 0, -30, 0, 0, 0, 0, 0, 0, 0, -14, -44
"/Users/henry.liang/projects_git/20230307/ricoms_app/lib/login/bloc/login_state.dart", "Dart", 0, 0, 0, -37, 0, 0, 0, 0, 0, 0, 0, -5, -42
"/Users/henry.liang/projects_git/20230307/ricoms_app/lib/login/models/password.dart", "Dart", 0, 0, 0, -18, 0, 0, 0, 0, 0, 0, 0, -4, -22
"/Users/henry.liang/projects_git/20230307/ricoms_app/lib/login/models/username.dart", "Dart", 0, 0, 0, -10, 0, 0, 0, 0, 0, 0, 0, -4, -14
"/Users/henry.liang/projects_git/20230307/ricoms_app/lib/login/view/login_form.dart", "Dart", 0, 0, 0, -266, 0, 0, 0, 0, 0, 0, -10, -8, -284
"/Users/henry.liang/projects_git/20230307/ricoms_app/lib/login/view/login_page.dart", "Dart", 0, 0, 0, -126, 0, 0, 0, 0, 0, 0, -3, -8, -137
"/Users/henry.liang/projects_git/20230307/ricoms_app/lib/main.dart", "Dart", 0, 0, 0, -54, 0, 0, 0, 0, 0, 0, -17, -9, -80
"/Users/henry.liang/projects_git/20230307/ricoms_app/lib/real_time_alarm/bloc/real_time_alarm_bloc.dart", "Dart", 0, 0, 0, -285, 0, 0, 0, 0, 0, 0, -6, -43, -334
"/Users/henry.liang/projects_git/20230307/ricoms_app/lib/real_time_alarm/bloc/real_time_alarm_event.dart", "Dart", 0, 0, 0, -68, 0, 0, 0, 0, 0, 0, 0, -24, -92
"/Users/henry.liang/projects_git/20230307/ricoms_app/lib/real_time_alarm/bloc/real_time_alarm_state.dart", "Dart", 0, 0, 0, -73, 0, 0, 0, 0, 0, 0, 0, -5, -78
"/Users/henry.liang/projects_git/20230307/ricoms_app/lib/real_time_alarm/view/real_time_alarm_form.dart", "Dart", 0, 0, 0, -736, 0, 0, 0, 0, 0, 0, -19, -40, -795
"/Users/henry.liang/projects_git/20230307/ricoms_app/lib/real_time_alarm/view/real_time_alarm_page.dart", "Dart", 0, 0, 0, -29, 0, 0, 0, 0, 0, 0, 0, -4, -33
"/Users/henry.liang/projects_git/20230307/ricoms_app/lib/repository/account_repository/account_detail.dart", "Dart", 0, 0, 0, -37, 0, 0, 0, 0, 0, 0, -6, -14, -57
"/Users/henry.liang/projects_git/20230307/ricoms_app/lib/repository/account_repository/account_detail.g.dart", "Dart", 0, 0, 0, -25, 0, 0, 0, 0, 0, 0, -4, -5, -34
"/Users/henry.liang/projects_git/20230307/ricoms_app/lib/repository/account_repository/account_outline.dart", "Dart", 0, 0, 0, -25, 0, 0, 0, 0, 0, 0, -6, -10, -41
"/Users/henry.liang/projects_git/20230307/ricoms_app/lib/repository/account_repository/account_outline.g.dart", "Dart", 0, 0, 0, -17, 0, 0, 0, 0, 0, 0, -4, -5, -26
"/Users/henry.liang/projects_git/20230307/ricoms_app/lib/repository/account_repository/account_repository.dart", "Dart", 0, 0, 0, -306, 0, 0, 0, 0, 0, 0, -16, -51, -373
"/Users/henry.liang/projects_git/20230307/ricoms_app/lib/repository/advanced_repository/batch_setting_repository/batch_setting_device.dart", "Dart", 0, 0, 0, -31, 0, 0, 0, 0, 0, 0, -6, -12, -49
"/Users/henry.liang/projects_git/20230307/ricoms_app/lib/repository/advanced_repository/batch_setting_repository/batch_setting_device.g.dart", "Dart", 0, 0, 0, -21, 0, 0, 0, 0, 0, 0, -4, -5, -30
"/Users/henry.liang/projects_git/20230307/ricoms_app/lib/repository/advanced_repository/batch_setting_repository/batch_setting_repository.dart", "Dart", 0, 0, 0, -172, 0, 0, 0, 0, 0, 0, -8, -29, -209
"/Users/henry.liang/projects_git/20230307/ricoms_app/lib/repository/advanced_repository/batch_setting_repository/module.dart", "Dart", 0, 0, 0, -15, 0, 0, 0, 0, 0, 0, -6, -7, -28
"/Users/henry.liang/projects_git/20230307/ricoms_app/lib/repository/advanced_repository/batch_setting_repository/module.g.dart", "Dart", 0, 0, 0, -9, 0, 0, 0, 0, 0, 0, -4, -5, -18
"/Users/henry.liang/projects_git/20230307/ricoms_app/lib/repository/advanced_repository/default_setting_repository/default_setting.dart", "Dart", 0, 0, 0, -43, 0, 0, 0, 0, 0, 0, -6, -16, -65
"/Users/henry.liang/projects_git/20230307/ricoms_app/lib/repository/advanced_repository/default_setting_repository/default_setting.g.dart", "Dart", 0, 0, 0, -31, 0, 0, 0, 0, 0, 0, -4, -5, -40
"/Users/henry.liang/projects_git/20230307/ricoms_app/lib/repository/advanced_repository/default_setting_repository/default_setting_repository.dart", "Dart", 0, 0, 0, -59, 0, 0, 0, 0, 0, 0, -2, -12, -73
"/Users/henry.liang/projects_git/20230307/ricoms_app/lib/repository/advanced_repository/device_working_cycle_repository/device_working_cycle_repository.dart", "Dart", 0, 0, 0, -85, 0, 0, 0, 0, 0, 0, -3, -16, -104
"/Users/henry.liang/projects_git/20230307/ricoms_app/lib/repository/advanced_repository/log_record_setting_repository/log_record_setting.dart", "Dart", 0, 0, 0, -88, 0, 0, 0, 0, 0, 0, -6, -17, -111
"/Users/henry.liang/projects_git/20230307/ricoms_app/lib/repository/advanced_repository/log_record_setting_repository/log_record_setting.g.dart", "Dart", 0, 0, 0, -28, 0, 0, 0, 0, 0, 0, -4, -5, -37
"/Users/henry.liang/projects_git/20230307/ricoms_app/lib/repository/advanced_repository/log_record_setting_repository/log_record_setting_repository.dart", "Dart", 0, 0, 0, -68, 0, 0, 0, 0, 0, 0, -2, -13, -83
"/Users/henry.liang/projects_git/20230307/ricoms_app/lib/repository/advanced_repository/server_ip_setting_repository/server_ip_setting.dart", "Dart", 0, 0, 0, -22, 0, 0, 0, 0, 0, 0, -6, -9, -37
"/Users/henry.liang/projects_git/20230307/ricoms_app/lib/repository/advanced_repository/server_ip_setting_repository/server_ip_setting.g.dart", "Dart", 0, 0, 0, -15, 0, 0, 0, 0, 0, 0, -4, -5, -24
"/Users/henry.liang/projects_git/20230307/ricoms_app/lib/repository/advanced_repository/server_ip_setting_repository/server_ip_setting_repository.dart", "Dart", 0, 0, 0, -70, 0, 0, 0, 0, 0, 0, -2, -13, -85
"/Users/henry.liang/projects_git/20230307/ricoms_app/lib/repository/advanced_repository/trap_alarm_color_repository/trap_alarm_color_repository.dart", "Dart", 0, 0, 0, -26, 0, 0, 0, 0, 0, 0, -2, -6, -34
"/Users/henry.liang/projects_git/20230307/ricoms_app/lib/repository/advanced_repository/trap_alarm_sound_repository/trap_alarm_sound_repository.dart", "Dart", 0, 0, 0, -26, 0, 0, 0, 0, 0, 0, -2, -6, -34
"/Users/henry.liang/projects_git/20230307/ricoms_app/lib/repository/advanced_repository/trap_forward_repository/forward_detail.dart", "Dart", 0, 0, 0, -42, 0, 0, 0, 0, 0, 0, -10, -16, -68
"/Users/henry.liang/projects_git/20230307/ricoms_app/lib/repository/advanced_repository/trap_forward_repository/forward_detail.g.dart", "Dart", 0, 0, 0, -29, 0, 0, 0, 0, 0, 0, -4, -7, -40
"/Users/henry.liang/projects_git/20230307/ricoms_app/lib/repository/advanced_repository/trap_forward_repository/forward_outline.dart", "Dart", 0, 0, 0, -25, 0, 0, 0, 0, 0, 0, -7, -10, -42
"/Users/henry.liang/projects_git/20230307/ricoms_app/lib/repository/advanced_repository/trap_forward_repository/forward_outline.g.dart", "Dart", 0, 0, 0, -17, 0, 0, 0, 0, 0, 0, -4, -5, -26
"/Users/henry.liang/projects_git/20230307/ricoms_app/lib/repository/advanced_repository/trap_forward_repository/trap_forward_repository.dart", "Dart", 0, 0, 0, -196, 0, 0, 0, 0, 0, 0, -6, -35, -237
"/Users/henry.liang/projects_git/20230307/ricoms_app/lib/repository/authentication_repository/authentication_repository.dart", "Dart", 0, 0, 0, -429, 0, 0, 0, 0, 0, 0, -52, -68, -549
"/Users/henry.liang/projects_git/20230307/ricoms_app/lib/repository/authentication_repository/user_function.dart", "Dart", 0, 0, 0, -16, 0, 0, 0, 0, 0, 0, -6, -7, -29
"/Users/henry.liang/projects_git/20230307/ricoms_app/lib/repository/authentication_repository/user_function.g.dart", "Dart", 0, 0, 0, -10, 0, 0, 0, 0, 0, 0, -4, -5, -19
"/Users/henry.liang/projects_git/20230307/ricoms_app/lib/repository/bookmarks_repository/bookmarks_repository.dart", "Dart", 0, 0, 0, -145, 0, 0, 0, 0, 0, 0, -26, -22, -193
"/Users/henry.liang/projects_git/20230307/ricoms_app/lib/repository/dashboard_repository/dashboard_repository.dart", "Dart", 0, 0, 0, -102, 0, 0, 0, 0, 0, 0, -3, -18, -123
"/Users/henry.liang/projects_git/20230307/ricoms_app/lib/repository/history_repository/history_repository.dart", "Dart", 0, 0, 0, -283, 0, 0, 0, 0, 0, 0, -8, -39, -330
"/Users/henry.liang/projects_git/20230307/ricoms_app/lib/repository/real_time_alarm_repository/real_time_alarm_repository.dart", "Dart", 0, 0, 0, -126, 0, 0, 0, 0, 0, 0, -1, -18, -145
"/Users/henry.liang/projects_git/20230307/ricoms_app/lib/repository/root_repository/device_repository.dart", "Dart", 0, 0, 0, -538, 0, 0, 0, 0, 0, 0, -27, -104, -669
"/Users/henry.liang/projects_git/20230307/ricoms_app/lib/repository/root_repository/root_repository.dart", "Dart", 0, 0, 0, -666, 0, 0, 0, 0, 0, 0, -46, -107, -819
"/Users/henry.liang/projects_git/20230307/ricoms_app/lib/repository/system_log_repository/system_log_repository.dart", "Dart", 0, 0, 0, -275, 0, 0, 0, 0, 0, 0, -6, -31, -312
"/Users/henry.liang/projects_git/20230307/ricoms_app/lib/repository/user.dart", "Dart", 0, 0, 0, -121, 0, 0, 0, 0, 0, 0, -2, -25, -148
"/Users/henry.liang/projects_git/20230307/ricoms_app/lib/repository/user.g.dart", "Dart", 0, 0, 0, -130, 0, 0, 0, 0, 0, 0, -4, -13, -147
"/Users/henry.liang/projects_git/20230307/ricoms_app/lib/repository/user_api.dart", "Dart", 0, 0, 0, -256, 0, 0, 0, 0, 0, 0, -17, -37, -310
"/Users/henry.liang/projects_git/20230307/ricoms_app/lib/root/bloc/device/device_bloc.dart", "Dart", 0, 0, 0, -256, 0, 0, 0, 0, 0, 0, -10, -30, -296
"/Users/henry.liang/projects_git/20230307/ricoms_app/lib/root/bloc/device/device_event.dart", "Dart", 0, 0, 0, -36, 0, 0, 0, 0, 0, 0, -1, -15, -52
"/Users/henry.liang/projects_git/20230307/ricoms_app/lib/root/bloc/device/device_state.dart", "Dart", 0, 0, 0, -55, 0, 0, 0, 0, 0, 0, 0, -5, -60
"/Users/henry.liang/projects_git/20230307/ricoms_app/lib/root/bloc/device_history/device_history_bloc.dart", "Dart", 0, 0, 0, -137, 0, 0, 0, 0, 0, 0, -10, -20, -167
"/Users/henry.liang/projects_git/20230307/ricoms_app/lib/root/bloc/device_history/device_history_event.dart", "Dart", 0, 0, 0, -30, 0, 0, 0, 0, 0, 0, 0, -13, -43
"/Users/henry.liang/projects_git/20230307/ricoms_app/lib/root/bloc/device_history/device_history_state.dart", "Dart", 0, 0, 0, -49, 0, 0, 0, 0, 0, 0, 0, -5, -54
"/Users/henry.liang/projects_git/20230307/ricoms_app/lib/root/bloc/edit_device/edit_device_bloc.dart", "Dart", 0, 0, 0, -267, 0, 0, 0, 0, 0, 0, -10, -24, -301
"/Users/henry.liang/projects_git/20230307/ricoms_app/lib/root/bloc/edit_device/edit_device_event.dart", "Dart", 0, 0, 0, -56, 0, 0, 0, 0, 0, 0, 0, -20, -76
"/Users/henry.liang/projects_git/20230307/ricoms_app/lib/root/bloc/edit_device/edit_device_state.dart", "Dart", 0, 0, 0, -78, 0, 0, 0, 0, 0, 0, 0, -5, -83
"/Users/henry.liang/projects_git/20230307/ricoms_app/lib/root/bloc/edit_group/edit_group_bloc.dart", "Dart", 0, 0, 0, -151, 0, 0, 0, 0, 0, 0, -5, -16, -172
"/Users/henry.liang/projects_git/20230307/ricoms_app/lib/root/bloc/edit_group/edit_group_event.dart", "Dart", 0, 0, 0, -29, 0, 0, 0, 0, 0, 0, 0, -11, -40
"/Users/henry.liang/projects_git/20230307/ricoms_app/lib/root/bloc/edit_group/edit_group_state.dart", "Dart", 0, 0, 0, -53, 0, 0, 0, 0, 0, 0, 0, -5, -58
"/Users/henry.liang/projects_git/20230307/ricoms_app/lib/root/bloc/form_status.dart", "Dart", 0, 0, 0, -25, 0, 0, 0, 0, 0, 0, -12, -16, -53
"/Users/henry.liang/projects_git/20230307/ricoms_app/lib/root/bloc/monitoring_chart/monitoring_chart_bloc.dart", "Dart", 0, 0, 0, -308, 0, 0, 0, 0, 0, 0, -16, -48, -372
"/Users/henry.liang/projects_git/20230307/ricoms_app/lib/root/bloc/monitoring_chart/monitoring_chart_event.dart", "Dart", 0, 0, 0, -85, 0, 0, 0, 0, 0, 0, 0, -29, -114
"/Users/henry.liang/projects_git/20230307/ricoms_app/lib/root/bloc/monitoring_chart/monitoring_chart_state.dart", "Dart", 0, 0, 0, -99, 0, 0, 0, 0, 0, 0, 0, -5, -104
"/Users/henry.liang/projects_git/20230307/ricoms_app/lib/root/bloc/root/root_bloc.dart", "Dart", 0, 0, 0, -520, 0, 0, 0, 0, 0, 0, -56, -55, -631
"/Users/henry.liang/projects_git/20230307/ricoms_app/lib/root/bloc/root/root_event.dart", "Dart", 0, 0, 0, -49, 0, 0, 0, 0, 0, 0, 0, -23, -72
"/Users/henry.liang/projects_git/20230307/ricoms_app/lib/root/bloc/root/root_state.dart", "Dart", 0, 0, 0, -90, 0, 0, 0, 0, 0, 0, 0, -5, -95
"/Users/henry.liang/projects_git/20230307/ricoms_app/lib/root/bloc/search/search_bloc.dart", "Dart", 0, 0, 0, -64, 0, 0, 0, 0, 0, 0, -3, -9, -76
"/Users/henry.liang/projects_git/20230307/ricoms_app/lib/root/bloc/search/search_event.dart", "Dart", 0, 0, 0, -21, 0, 0, 0, 0, 0, 0, 0, -10, -31
"/Users/henry.liang/projects_git/20230307/ricoms_app/lib/root/bloc/search/search_state.dart", "Dart", 0, 0, 0, -33, 0, 0, 0, 0, 0, 0, 0, -5, -38
"/Users/henry.liang/projects_git/20230307/ricoms_app/lib/root/models/custom_input.dart", "Dart", 0, 0, 0, -136, 0, 0, 0, 0, 0, 0, -9, -28, -173
"/Users/henry.liang/projects_git/20230307/ricoms_app/lib/root/models/name.dart", "Dart", 0, 0, 0, -18, 0, 0, 0, 0, 0, 0, 0, -4, -22
"/Users/henry.liang/projects_git/20230307/ricoms_app/lib/root/view/device_edit_form.dart", "Dart", 0, 0, 0, -690, 0, 0, 0, 0, 0, 0, -15, -32, -737
"/Users/henry.liang/projects_git/20230307/ricoms_app/lib/root/view/device_edit_page.dart", "Dart", 0, 0, 0, -55, 0, 0, 0, 0, 0, 0, -1, -5, -61
"/Users/henry.liang/projects_git/20230307/ricoms_app/lib/root/view/device_history_detail_page.dart", "Dart", 0, 0, 0, -156, 0, 0, 0, 0, 0, 0, -2, -11, -169
"/Users/henry.liang/projects_git/20230307/ricoms_app/lib/root/view/device_history_form.dart", "Dart", 0, 0, 0, -287, 0, 0, 0, 0, 0, 0, -142, -17, -446
"/Users/henry.liang/projects_git/20230307/ricoms_app/lib/root/view/device_history_page.dart", "Dart", 0, 0, 0, -28, 0, 0, 0, 0, 0, 0, 0, -4, -32
"/Users/henry.liang/projects_git/20230307/ricoms_app/lib/root/view/device_monitoting_chart/custom_line_chart/custom_multiple_line_chart.dart", "Dart", 0, 0, 0, -119, 0, 0, 0, 0, 0, 0, -1, -18, -138
"/Users/henry.liang/projects_git/20230307/ricoms_app/lib/root/view/device_monitoting_chart/custom_line_chart/custom_single_line_chart.dart", "Dart", 0, 0, 0, -146, 0, 0, 0, 0, 0, 0, -1, -20, -167
"/Users/henry.liang/projects_git/20230307/ricoms_app/lib/root/view/device_monitoting_chart/custom_line_chart/line_chart.dart", "Dart", 0, 0, 0, -296, 0, 0, 0, 0, 0, 0, -9, -61, -366
"/Users/henry.liang/projects_git/20230307/ricoms_app/lib/root/view/device_monitoting_chart/custom_line_chart/line_series.dart", "Dart", 0, 0, 0, -20, 0, 0, 0, 0, 0, 0, 0, -3, -23
"/Users/henry.liang/projects_git/20230307/ricoms_app/lib/root/view/device_monitoting_chart/custom_line_chart/marker.dart", "Dart", 0, 0, 0, -11, 0, 0, 0, 0, 0, 0, 0, -3, -14
"/Users/henry.liang/projects_git/20230307/ricoms_app/lib/root/view/device_monitoting_chart/custom_line_chart/multiple_y_axis_line_chart_painter.dart", "Dart", 0, 0, 0, -342, 0, 0, 0, 0, 0, 0, -19, -59, -420
"/Users/henry.liang/projects_git/20230307/ricoms_app/lib/root/view/device_monitoting_chart/custom_line_chart/single_y_axis_line_chart_painter.dart", "Dart", 0, 0, 0, -419, 0, 0, 0, 0, 0, 0, -20, -69, -508
"/Users/henry.liang/projects_git/20230307/ricoms_app/lib/root/view/device_monitoting_chart/device_monitoring_chart_form.dart", "Dart", 0, 0, 0, -80, 0, 0, 0, 0, 0, 0, 0, -9, -89
"/Users/henry.liang/projects_git/20230307/ricoms_app/lib/root/view/device_monitoting_chart/device_monitoring_chart_page.dart", "Dart", 0, 0, 0, -31, 0, 0, 0, 0, 0, 0, 0, -4, -35
"/Users/henry.liang/projects_git/20230307/ricoms_app/lib/root/view/device_monitoting_chart/full_screen_multiple_line_chart_form.dart", "Dart", 0, 0, 0, -75, 0, 0, 0, 0, 0, 0, 0, -7, -82
"/Users/henry.liang/projects_git/20230307/ricoms_app/lib/root/view/device_monitoting_chart/full_screen_single_line_chart_form.dart", "Dart", 0, 0, 0, -102, 0, 0, 0, 0, 0, 0, 0, -7, -109
"/Users/henry.liang/projects_git/20230307/ricoms_app/lib/root/view/device_monitoting_chart/monitoring_chart_display_form.dart", "Dart", 0, 0, 0, -108, 0, 0, 0, 0, 0, 0, 0, -9, -117
"/Users/henry.liang/projects_git/20230307/ricoms_app/lib/root/view/device_monitoting_chart/monitoring_chart_filter_form.dart", "Dart", 0, 0, 0, -448, 0, 0, 0, 0, 0, 0, -1, -26, -475
"/Users/henry.liang/projects_git/20230307/ricoms_app/lib/root/view/device_monitoting_chart/monitoring_chart_style.dart", "Dart", 0, 0, 0, -122, 0, 0, 0, 0, 0, 0, 0, -11, -133
"/Users/henry.liang/projects_git/20230307/ricoms_app/lib/root/view/device_monitoting_chart/multiple_axis_chart_form.dart", "Dart", 0, 0, 0, -185, 0, 0, 0, 0, 0, 0, 0, -10, -195
"/Users/henry.liang/projects_git/20230307/ricoms_app/lib/root/view/device_monitoting_chart/single_axis_chart_form.dart", "Dart", 0, 0, 0, -242, 0, 0, 0, 0, 0, 0, -8, -13, -263
"/Users/henry.liang/projects_git/20230307/ricoms_app/lib/root/view/device_setting_form.dart", "Dart", 0, 0, 0, -755, 0, 0, 0, 0, 0, 0, -4, -45, -804
"/Users/henry.liang/projects_git/20230307/ricoms_app/lib/root/view/device_setting_style.dart", "Dart", 0, 0, 0, -736, 0, 0, 0, 0, 0, 0, 0, -89, -825
"/Users/henry.liang/projects_git/20230307/ricoms_app/lib/root/view/device_setting_tabbar.dart", "Dart", 0, 0, 0, -211, 0, 0, 0, 0, 0, 0, -2, -9, -222
"/Users/henry.liang/projects_git/20230307/ricoms_app/lib/root/view/group_edit_form.dart", "Dart", 0, 0, 0, -383, 0, 0, 0, 0, 0, 0, -2, -19, -404
"/Users/henry.liang/projects_git/20230307/ricoms_app/lib/root/view/group_edit_page.dart", "Dart", 0, 0, 0, -55, 0, 0, 0, 0, 0, 0, -1, -5, -61
"/Users/henry.liang/projects_git/20230307/ricoms_app/lib/root/view/root_form.dart", "Dart", 0, 0, 0, -1166, 0, 0, 0, 0, 0, 0, -25, -52, -1243
"/Users/henry.liang/projects_git/20230307/ricoms_app/lib/root/view/root_page.dart", "Dart", 0, 0, 0, -30, 0, 0, 0, 0, 0, 0, 0, -5, -35
"/Users/henry.liang/projects_git/20230307/ricoms_app/lib/root/view/search_form.dart", "Dart", 0, 0, 0, -254, 0, 0, 0, 0, 0, 0, -3, -12, -269
"/Users/henry.liang/projects_git/20230307/ricoms_app/lib/root/view/search_page.dart", "Dart", 0, 0, 0, -39, 0, 0, 0, 0, 0, 0, 0, -6, -45
"/Users/henry.liang/projects_git/20230307/ricoms_app/lib/system_log/bloc/filter/filter_bloc.dart", "Dart", 0, 0, 0, -171, 0, 0, 0, 0, 0, 0, -7, -31, -209
"/Users/henry.liang/projects_git/20230307/ricoms_app/lib/system_log/bloc/filter/filter_event.dart", "Dart", 0, 0, 0, -50, 0, 0, 0, 0, 0, 0, 0, -24, -74
"/Users/henry.liang/projects_git/20230307/ricoms_app/lib/system_log/bloc/filter/filter_state.dart", "Dart", 0, 0, 0, -33, 0, 0, 0, 0, 0, 0, 0, -5, -38
"/Users/henry.liang/projects_git/20230307/ricoms_app/lib/system_log/bloc/system_log/system_log_bloc.dart", "Dart", 0, 0, 0, -234, 0, 0, 0, 0, 0, 0, -9, -31, -274
"/Users/henry.liang/projects_git/20230307/ricoms_app/lib/system_log/bloc/system_log/system_log_event.dart", "Dart", 0, 0, 0, -51, 0, 0, 0, 0, 0, 0, 0, -18, -69
"/Users/henry.liang/projects_git/20230307/ricoms_app/lib/system_log/bloc/system_log/system_log_state.dart", "Dart", 0, 0, 0, -75, 0, 0, 0, 0, 0, 0, 0, -5, -80
"/Users/henry.liang/projects_git/20230307/ricoms_app/lib/system_log/model/filter_critria.dart", "Dart", 0, 0, 0, -18, 0, 0, 0, 0, 0, 0, 0, -3, -21
"/Users/henry.liang/projects_git/20230307/ricoms_app/lib/system_log/view/filter_form.dart", "Dart", 0, 0, 0, -333, 0, 0, 0, 0, 0, 0, -7, -20, -360
"/Users/henry.liang/projects_git/20230307/ricoms_app/lib/system_log/view/filter_page.dart", "Dart", 0, 0, 0, -25, 0, 0, 0, 0, 0, 0, 0, -5, -30
"/Users/henry.liang/projects_git/20230307/ricoms_app/lib/system_log/view/system_log_detail_page.dart", "Dart", 0, 0, 0, -185, 0, 0, 0, 0, 0, 0, -1, -11, -197
"/Users/henry.liang/projects_git/20230307/ricoms_app/lib/system_log/view/system_log_form.dart", "Dart", 0, 0, 0, -677, 0, 0, 0, 0, 0, 0, -11, -27, -715
"/Users/henry.liang/projects_git/20230307/ricoms_app/lib/system_log/view/system_log_page.dart", "Dart", 0, 0, 0, -29, 0, 0, 0, 0, 0, 0, 0, -4, -33
"/Users/henry.liang/projects_git/20230307/ricoms_app/lib/utils/alarm_sound_config.dart", "Dart", 0, 0, 0, -15, 0, 0, 0, 0, 0, 0, 0, -3, -18
"/Users/henry.liang/projects_git/20230307/ricoms_app/lib/utils/common_list_limit.dart", "Dart", 0, 0, 0, -6, 0, 0, 0, 0, 0, 0, 0, -1, -7
"/Users/henry.liang/projects_git/20230307/ricoms_app/lib/utils/common_request.dart", "Dart", 0, 0, 0, -71, 0, 0, 0, 0, 0, 0, -7, -13, -91
"/Users/henry.liang/projects_git/20230307/ricoms_app/lib/utils/common_style.dart", "Dart", 0, 0, 0, -13, 0, 0, 0, 0, 0, 0, 0, -5, -18
"/Users/henry.liang/projects_git/20230307/ricoms_app/lib/utils/common_widget.dart", "Dart", 0, 0, 0, -38, 0, 0, 0, 0, 0, 0, 0, -2, -40
"/Users/henry.liang/projects_git/20230307/ricoms_app/lib/utils/custom_errmsg.dart", "Dart", 0, 0, 0, -11, 0, 0, 0, 0, 0, 0, 0, -3, -14
"/Users/henry.liang/projects_git/20230307/ricoms_app/lib/utils/custom_style.dart", "Dart", 0, 0, 0, -87, 0, 0, 0, 0, 0, 0, -6, -16, -109
"/Users/henry.liang/projects_git/20230307/ricoms_app/lib/utils/display_style.dart", "Dart", 0, 0, 0, -157, 0, 0, 0, 0, 0, 0, -12, -4, -173
"/Users/henry.liang/projects_git/20230307/ricoms_app/lib/utils/master_slave_info.dart", "Dart", 0, 0, 0, -60, 0, 0, 0, 0, 0, 0, -10, -8, -78
"/Users/henry.liang/projects_git/20230307/ricoms_app/lib/utils/message_localization.dart", "Dart", 0, 0, 0, -92, 0, 0, 0, 0, 0, 0, 0, -3, -95
"/Users/henry.liang/projects_git/20230307/ricoms_app/lib/utils/request_interval.dart", "Dart", 0, 0, 0, -10, 0, 0, 0, 0, 0, 0, -1, -2, -13
"/Users/henry.liang/projects_git/20230307/ricoms_app/lib/utils/storage_permission.dart", "Dart", 0, 0, 0, -24, 0, 0, 0, 0, 0, 0, -10, -2, -36
"/Users/henry.liang/projects_git/20230307/ricoms_app/linux/flutter/generated_plugin_registrant.cc", "C++", 0, -7, 0, 0, 0, 0, 0, 0, 0, 0, -4, -5, -16
"/Users/henry.liang/projects_git/20230307/ricoms_app/linux/flutter/generated_plugin_registrant.h", "C++", 0, -5, 0, 0, 0, 0, 0, 0, 0, 0, -5, -6, -16
"/Users/henry.liang/projects_git/20230307/ricoms_app/linux/main.cc", "C++", 0, -5, 0, 0, 0, 0, 0, 0, 0, 0, 0, -2, -7
"/Users/henry.liang/projects_git/20230307/ricoms_app/linux/my_application.cc", "C++", 0, -74, 0, 0, 0, 0, 0, 0, 0, 0, -11, -20, -105
"/Users/henry.liang/projects_git/20230307/ricoms_app/linux/my_application.h", "C++", 0, -7, 0, 0, 0, 0, 0, 0, 0, 0, -7, -5, -19
"/Users/henry.liang/projects_git/20230307/ricoms_app/macos/Flutter/GeneratedPluginRegistrant.swift", "Swift", 0, 0, 0, 0, 0, 0, 0, 0, -16, 0, -3, -4, -23
"/Users/henry.liang/projects_git/20230307/ricoms_app/macos/Runner/AppDelegate.swift", "Swift", 0, 0, 0, 0, 0, 0, 0, 0, -8, 0, 0, -2, -10
"/Users/henry.liang/projects_git/20230307/ricoms_app/macos/Runner/Assets.xcassets/AppIcon.appiconset/Contents.json", "JSON", -68, 0, 0, 0, 0, 0, 0, 0, 0, 0, 0, -1, -69
"/Users/henry.liang/projects_git/20230307/ricoms_app/macos/Runner/Base.lproj/MainMenu.xib", "XML", 0, 0, 0, 0, 0, 0, 0, -343, 0, 0, 0, -1, -344
"/Users/henry.liang/projects_git/20230307/ricoms_app/macos/Runner/MainFlutterWindow.swift", "Swift", 0, 0, 0, 0, 0, 0, 0, 0, -12, 0, 0, -4, -16
"/Users/henry.liang/projects_git/20230307/ricoms_app/pubspec.yaml", "YAML", 0, 0, -55, 0, 0, 0, 0, 0, 0, 0, -60, -14, -129
"/Users/henry.liang/projects_git/20230307/ricoms_app/test/authentication/authentication_bloc_test.dart", "Dart", 0, 0, 0, -121, 0, 0, 0, 0, 0, 0, 0, -13, -134
"/Users/henry.liang/projects_git/20230307/ricoms_app/test/widget_test.dart", "Dart", 0, 0, 0, -14, 0, 0, 0, 0, 0, 0, -10, -7, -31
"/Users/henry.liang/projects_git/20230307/ricoms_app/web/index.html", "HTML", 0, 0, 0, 0, 0, 0, 0, 0, 0, -80, -18, -7, -105
"/Users/henry.liang/projects_git/20230307/ricoms_app/web/manifest.json", "JSON", -35, 0, 0, 0, 0, 0, 0, 0, 0, 0, 0, -1, -36
"/Users/henry.liang/projects_git/20230307/ricoms_app/windows/flutter/generated_plugin_registrant.cc", "C++", 0, -12, 0, 0, 0, 0, 0, 0, 0, 0, -4, -5, -21
"/Users/henry.liang/projects_git/20230307/ricoms_app/windows/flutter/generated_plugin_registrant.h", "C++", 0, -5, 0, 0, 0, 0, 0, 0, 0, 0, -5, -6, -16
"/Users/henry.liang/projects_git/20230307/ricoms_app/windows/runner/flutter_window.cpp", "C++", 0, -45, 0, 0, 0, 0, 0, 0, 0, 0, -4, -13, -62
"/Users/henry.liang/projects_git/20230307/ricoms_app/windows/runner/flutter_window.h", "C++", 0, -20, 0, 0, 0, 0, 0, 0, 0, 0, -5, -9, -34
"/Users/henry.liang/projects_git/20230307/ricoms_app/windows/runner/main.cpp", "C++", 0, -30, 0, 0, 0, 0, 0, 0, 0, 0, -4, -10, -44
"/Users/henry.liang/projects_git/20230307/ricoms_app/windows/runner/resource.h", "C++", 0, -9, 0, 0, 0, 0, 0, 0, 0, 0, -6, -2, -17
"/Users/henry.liang/projects_git/20230307/ricoms_app/windows/runner/utils.cpp", "C++", 0, -53, 0, 0, 0, 0, 0, 0, 0, 0, -2, -10, -65
"/Users/henry.liang/projects_git/20230307/ricoms_app/windows/runner/utils.h", "C++", 0, -8, 0, 0, 0, 0, 0, 0, 0, 0, -6, -6, -20
"/Users/henry.liang/projects_git/20230307/ricoms_app/windows/runner/win32_window.cpp", "C++", 0, -183, 0, 0, 0, 0, 0, 0, 0, 0, -15, -48, -246
"/Users/henry.liang/projects_git/20230307/ricoms_app/windows/runner/win32_window.h", "C++", 0, -48, 0, 0, 0, 0, 0, 0, 0, 0, -29, -22, -99
"Total", "-", -170, -512, -61, -37999, -13, -105, -8, -488, -48, -80, -1703, -4380, -45567